{"cameraMode":{"drawMode":0,"name":"Shaded","section":"Shading Mode"},"sceneLighting":true,"audioPlay":false,"sceneViewState":{"showFog":true,"showMaterialUpdate":false,"showSkybox":true,"showFlares":true,"showImageEffects":true,"showParticleSystems":true},"in2DMode":false,"pivot":{"x":0.13591863214969636,"y":2.497520685195923,"z":-2.5671021938323976},"rotation":{"x":-0.0016227038577198983,"y":0.9984163641929627,"z":0.04135720804333687,"w":0.03865446150302887},"size":3.2428977489471437,"orthographic":false}